STATE,TOTAL_LGAS,TOTAL_FACILITIES,AVG_BEDS,AVG_WARDS,AVG_READINESS,DAMAGED_FACILITIES,MONTH,YEAR,YEAR_MONTH
Cross River State,15,437,3.44,2.4811827956989245,80.55803571428572,47,January,2025,2025-01
Cross River state,23,546,3.4065217391304343,1.7249137336093856,77.47528860028861,87,January,2025,2025-01
State of PHC,0,6,,,100.0,0,January,2025,2025-01
